visitor_id,pro_user_id,contact_id,hired
339909111505494000,269676229116822000,339909524915273000,FALSE
344128984608088000,343705945283207000,344129090535645000,FALSE
344283283738624000,198869800397579000,344283629941841000,FALSE
342932176648061000,198869800397579000,342932549106393000,FALSE
344288410954719000,198869800397579000,344288499619061000,FALSE
339985400737030000,286846318670791000,339985749708062000,FALSE
343954816487931000,249863145997222000,343956033589616000,FALSE
344290891455971000,249863145997222000,344291426757738000,FALSE
344447737590743000,343892000826818000,344447998791901000,FALSE
341286789673951000,288905777727340000,341287100127305000,FALSE
344095095183343000,343683700566016000,344095815459135000,FALSE
343938338922045000,343683700566016000,343938518865723000,FALSE
344100783811264000,343683700566016000,344101201580539000,FALSE
341265389153812000,289801788121841000,341265607872028000,FALSE
340592580187463000,289801788121841000,340592698135380000,FALSE
339279503229329000,249917334070797000,339279695305818000,FALSE
342295650661326000,266813823883715000,342295824602079000,FALSE
342049699265331000,329760300746407000,342049780575510000,FALSE
343348699224375000,331852593182736000,343348930142437000,FALSE
341087100462866000,331051520539566000,341087283865403000,FALSE
343489195501723000,331051520539566000,343489417782009000,FALSE
344013274289831000,331051520539566000,344014134359678000,FALSE
344050083927613000,331051520539566000,344050243831316000,FALSE
341410438381830000,332121947676942000,341410607663546000,FALSE
339399366749675000,332121947676942000,339399527443423000,FALSE
342061110366388000,331196532164739000,342061478509420000,FALSE
340660489903841000,332297222145654000,340660622273429000,FALSE
343141166054662000,332217375469502000,343144746131005000,FALSE
344018562265694000,289448336378347000,344018756597260000,FALSE
340959905256202000,289082094807465000,340960328078860000,FALSE
342030737379246000,322886979023806000,342031115140161000,FALSE
343083337245220000,325494568207728000,343084021978685000,FALSE
344452365498834000,321907780270800000,344452555453243000,FALSE
342989726067843000,321907780270800000,342989918251139000,FALSE
343822133195071000,325620392586043000,343822650726064000,FALSE
342295299396059000,325620392586043000,342296112417046000,FALSE
339959735096762000,320115527305617000,339960037044142000,FALSE
342373717958262000,325444462506614000,342373890904154000,FALSE
341699881001804000,281156967597163000,341700057152250000,FALSE
342645807363424000,313275216749576000,342646095099666000,FALSE
342113612983050000,325311088184320000,342113821313097000,FALSE
342053080976302000,325311088184320000,342053185461985000,FALSE
343063967952633000,327976729769943000,343065536843309000,FALSE
344294300675497000,327976729769943000,344295209650536000,FALSE
342637317892505000,231632531271803000,342638264487985000,FALSE
339746205799620000,231632531271803000,339746743757037000,FALSE
342799002299170000,231632531271803000,342799187618693000,FALSE
342022759519486000,328065148561489000,342031717450121000,FALSE
343837417952952000,328212618082623000,343837551641354000,FALSE
343958442316963000,328937215767863000,343958478461902000,FALSE
341827193534447000,311392480591527000,341827306187587000,FALSE
342912869900165000,311563774398029000,342913075107463000,FALSE
342210874617864000,293841469595213000,342211348347150000,FALSE
343454921832972000,293841469595213000,343455428648755000,FALSE
344113544108285000,293841469595213000,344113813191950000,FALSE
343426234280263000,293841469595213000,343426360868241000,FALSE
343677414852820000,293804500051124000,343677757035266000,FALSE
342935598148583000,214015714852447000,342935811219972000,FALSE
344224389037539000,208344455084876000,344224553940713000,FALSE
341489416367161000,231094467292144000,341490073496518000,FALSE
342632194350989000,311559201690279000,342632374811304000,FALSE
344193786334691000,230494318819927000,344194050832531000,FALSE
343070327796924000,230494318819927000,343070681262334000,FALSE
344145423675121000,230494318819927000,344145933621026000,FALSE
341154907339448000,308525600529858000,341155183890530000,FALSE
340238645791228000,308525600529858000,340239052820005000,FALSE
344031727014510000,310336582324502000,344032194346704000,FALSE
344375253898985000,239807985459807000,344375914114523000,FALSE
343185057109926000,239807985459807000,343185380936089000,FALSE
344309855140429000,239807985459807000,344309995158659000,FALSE
343295283374399000,239807985459807000,343295413804228000,FALSE
344389600139100000,239807985459807000,344389753800572000,FALSE
343237056435691000,239807985459807000,343237303987110000,FALSE
344311357417340000,239807985459807000,344311607718002000,FALSE
343240052138451000,239807985459807000,343240530496946000,FALSE
343297856832692000,239807985459807000,343297986556993000,FALSE
343167436871442000,239807985459807000,343167654988652000,FALSE
344387595912708000,239807985459807000,344387816881872000,FALSE
342936284855689000,290273723546566000,342936587773821000,FALSE
343520574873755000,260995822976664000,343521052557049000,FALSE
343582251560345000,260995822976664000,343582336540131000,FALSE
343498451391774000,289869137742315000,343498867588399000,FALSE
341028503327350000,338085568716013000,341028656904700000,FALSE
343953255630684000,343578733429915000,343953398171885000,FALSE
344139786778697000,343578733429915000,344140281646039000,FALSE
343502320349560000,339396884287651000,343502668654911000,FALSE
343168266665779000,340434136735752000,343168433553940000,FALSE
340195281829888000,338139414583975000,340198300583551000,FALSE
343573259758829000,338365849642483000,343573431380402000,FALSE
343071849291628000,338365849642483000,343072045998235000,FALSE
343840515343777000,338365849642483000,343841161042452000,FALSE
344209717870698000,338365849642483000,344209947944263000,FALSE
340295547004666000,339185173596684000,340295677280780000,FALSE
340827782989037000,337054945622966000,340827873911054000,FALSE
344300081583513000,343525471612780000,344300201998344000,FALSE
342980056623349000,338746665725485000,342980554618519000,FALSE
341866499505725000,335821893841158000,341867189182095000,FALSE
344226124496658000,335920751381479000,344226263068925000,FALSE
342041581204726000,336446149387460000,342041870759592000,FALSE
344273019193737000,340565783185301000,344273800092442000,FALSE
343966046211792000,340565783185301000,343966123676459000,FALSE
344416292109205000,340565783185301000,344416614946603000,FALSE
342205809899741000,286829354141525000,342205919351365000,FALSE
340119609335382000,274006247255221000,340119904892780000,FALSE
339551108370620000,337617968267247000,339551262195826000,FALSE
342239900247245000,336280674454528000,342240117848227000,FALSE
343637291331215000,249935077348394000,343637321433473000,FALSE
343265964830670000,249935077348394000,343266076763807000,FALSE
341628512954024000,263596212926727000,341628669663125000,FALSE
340125994998309000,263596212926727000,340126450760966000,FALSE
342046635388723000,341360781064732000,342046778108035000,FALSE
340238345465708000,334248488726716000,340238515313852000,FALSE
339975146201579000,335167205514117000,339975804017041000,FALSE
344390416730505000,334458608807936000,344390707744317000,FALSE
341496894734434000,340791907676102000,341497037687660000,FALSE
342871575364485000,340826720502194000,342871604808335000,FALSE
341615274273677000,334938038400294000,341615353722847000,FALSE
339557793470038000,334589003779522000,339557919667241000,FALSE
342911281377869000,341648349841965000,342911621700845000,FALSE
342389105121108000,340852308679180000,342389389645750000,FALSE
342425664766615000,334040112827711000,342426057686302000,FALSE
341952985528598000,334040112827711000,341953125920964000,FALSE
342890486274547000,278185331373827000,342891409289175000,FALSE
340658634366148000,240849860792869000,340658921975226000,FALSE
339960961963696000,153427333716575000,339961402294911000,FALSE
340386412751954000,197930371327919000,340386581382291000,FALSE
343934028539707000,305041548625510000,343934043515691000,FALSE
343601941102043000,271627618303058000,343602370015600000,FALSE
341610259242393000,263046615670178000,341610376497225000,FALSE
342643425853661000,259038976271434000,342644237079437000,FALSE
339208852905672000,213748876996502000,339209067782119000,FALSE
341366833231200000,216682607558255000,341367026665873000,FALSE
344105565500710000,275959576998970000,344106022309511000,FALSE
340057243585265000,273871343133680000,340057498775290000,FALSE
343241950466261000,273871343133680000,343242076345679000,FALSE
342231875062948000,277574328938431000,342232310374875000,FALSE
341603108569653000,278474010204079000,341603242852417000,FALSE
343579802256916000,237065273914729000,343579932627017000,FALSE
339626574551990000,284222498233689000,339626723726418000,FALSE
342366924589170000,261964987466302000,342367217796743000,FALSE
344029294243880000,266084293353456000,344029697069907000,FALSE
341768812248531000,213480893285983000,341769129624010000,FALSE
341261429906178000,187552429794190000,341261610050306000,FALSE
340742927868879000,108962562261189000,340743100592324000,FALSE
343450043224195000,203307525186331000,343450146100371000,FALSE
344462074157146000,211910239059264000,344464210463211000,FALSE
343623971153469000,211910239059264000,343624035744555000,FALSE
343586554030735000,211910239059264000,343587056383189000,FALSE
343942205347610000,211910239059264000,343942373858713000,FALSE
344108763554455000,211910239059264000,344109229118873000,FALSE
340640375934214000,250503324192031000,340640645878767000,FALSE
343567700356907000,250503324192031000,343567836017057000,FALSE
343588614956105000,250503324192031000,343588701065584000,FALSE
342850191701688000,222537242317767000,342850464763420000,FALSE
343320583059234000,222537242317767000,343320750387314000,FALSE
342973786819534000,222537242317767000,342974259357556000,FALSE
342965533289013000,222537242317767000,342965653378769000,FALSE
344200755992887000,222537242317767000,344200913319591000,FALSE
343514803369033000,156884708985488000,343521073242447000,FALSE
343587772669861000,156884708985488000,343588083374268000,FALSE
344275974578438000,298151172198318000,344276105688391000,FALSE
342313154206056000,329512949846343000,342318376903671000,FALSE
340142936311390000,190561816666276000,340143092692828000,FALSE
340842433319379000,190561816666276000,340843517185482000,FALSE
343939603565109000,190561816666276000,343939706417397000,FALSE
344012590745829000,231654726260065000,344012895483953000,FALSE
344197624201953000,231654726260065000,344197917116039000,FALSE
342732532649869000,288345890142150000,342732621774020000,FALSE
344273841231233000,231341869981082000,344274048280887000,FALSE
344372854018056000,231341869981082000,344373063930183000,FALSE
344208254723211000,237534495476409000,344208371204325000,FALSE
341011754775208000,301512581680078000,341011868545548000,FALSE
343852290557181000,302998749816766000,343852486521626000,FALSE
339786093120389000,302682775390732000,339786297018794000,FALSE
343670444283813000,303252310137790000,343671006024884000,FALSE
342308998498893000,297978267743903000,342309225766060000,FALSE
341863894973587000,297978267743903000,341864031975833000,FALSE
344217820769599000,297978267743903000,344217976787410000,FALSE
340086689309458000,297978267743903000,340086788729176000,FALSE
340645640686002000,297978267743903000,340645790053179000,FALSE
343521625769713000,301458026312335000,343521779576438000,FALSE
341674171293040000,302399988312342000,341674411871191000,FALSE
342548554020700000,302399988312342000,342548600981209000,FALSE
342013836647006000,302399988312342000,342014183712915000,FALSE
344390055392534000,302399988312342000,344390222299283000,FALSE
342068428702556000,302399988312342000,342070658547523000,FALSE
344026171807522000,302399988312342000,344026326366035000,FALSE
344191775209758000,302399988312342000,344193946054656000,FALSE
341875160037269000,302399988312342000,341875461697200000,FALSE
339469002093666000,304175133911924000,339469543496114000,FALSE
342834454390128000,320448582850183000,342834661007343000,FALSE
342812021431869000,320448582850183000,342812129032364000,FALSE
342906531189088000,287606697166775000,342906658955100000,FALSE
343501166700265000,320700710342377000,343501501312049000,FALSE
339873603802833000,285721887859164000,339874172682379000,FALSE
339351164337946000,131497036159018000,339351334748365000,FALSE
340244335921701000,273380273285399000,340244519736590000,FALSE
340299116805652000,287717354801374000,340299215879733000,FALSE
339324972222210000,233279399251059000,339325679520268000,FALSE
344213934610481000,174238305706484000,344214120531689000,FALSE
343952492808101000,270579953708745000,343952713061498000,FALSE
339257107714392000,279671988436780000,339257236412825000,FALSE
339487188441137000,75241197979231200,339487308346573000,FALSE
343448040411160000,237309040181838000,343448218417504000,FALSE
342987545156452000,322097523770376000,342987945582485000,FALSE
344362568209997000,322097523770376000,344362695286284000,FALSE
343230633181380000,322097523770376000,343230879870902000,FALSE
343495778068029000,322097523770376000,343496143931867000,FALSE
343266027633000000,264703071253636000,343266539006992000,FALSE
343068679241343000,214354813870613000,343068890856472000,FALSE
342970048994082000,214354813870613000,342970352531710000,FALSE
344117105060782000,214354813870613000,344117180910960000,FALSE
343260830541766000,214354813870613000,343262024542347000,FALSE
344451541216354000,216853500423259000,344451914202775000,FALSE
343516042664779000,216853500423259000,343516574692638000,FALSE
343981962334224000,216853500423259000,343982171458363000,FALSE
342975147819237000,216853500423259000,342975428084342000,FALSE
344443187397632000,216853500423259000,344443262558355000,FALSE
343603029307883000,216853500423259000,343603141236310000,FALSE
344031133301170000,216853500423259000,344031227865767000,FALSE
344449563130871000,216853500423259000,344449694278606000,FALSE
343881311651708000,216853500423259000,343881520940146000,FALSE
343511267615957000,216853500423259000,343511475412623000,FALSE
344131222457982000,216853500423259000,344131651309551000,FALSE
344137074824683000,216853500423259000,344137258171260000,FALSE
343620959083331000,216853500423259000,343621098412531000,FALSE
344393767886651000,216853500423259000,344394061647241000,FALSE
344010765632749000,216853500423259000,344010972604743000,FALSE
344217525905801000,216853500423259000,344217680270327000,FALSE
344146265292038000,216853500423259000,344146431692537000,FALSE
344123715705905000,261954773428167000,344124040042708000,FALSE
343073487688687000,261954773428167000,343073745899004000,FALSE
344207270655434000,261954773428167000,344207619102261000,FALSE
343060684330565000,261954773428167000,343060918642237000,FALSE
344462683757232000,261954773428167000,344463181034471000,FALSE
340635870406525000,261954773428167000,340636814208114000,FALSE
342918379722596000,261954773428167000,342918536296865000,FALSE
339551097296937000,230767568393569000,339551302724739000,FALSE
342382748637274000,208537847715046000,342383093674885000,FALSE
342887593297936000,208537847715046000,342887854900297000,FALSE
343327249300422000,299895549556998000,343328065221255000,FALSE
342933747629940000,299895549556998000,342934006281445000,FALSE
344314104692539000,299895549556998000,344314282343038000,FALSE
343328337700913000,299895549556998000,343328650204405000,FALSE
344144260236738000,299895549556998000,344144364351987000,FALSE
343965838182612000,299895549556998000,343966042861002000,FALSE
343951042668969000,299895549556998000,343951474600378000,FALSE
343262408374321000,299895549556998000,343265944167940000,FALSE
340629294624014000,308588737127817000,340629521212342000,FALSE
343076623281979000,310623583471640000,343076800840335000,FALSE
343962821485666000,292523425828479000,343963085901062000,FALSE
342547195717681000,292523425828479000,342547771076223000,FALSE
343505222138798000,308594564203921000,343506222956912000,FALSE
339905439810011000,308594564203921000,339905467046256000,FALSE
340213319971078000,276030097082270000,340213572018667000,FALSE
344221474839150000,310934945021222000,344221653520244000,FALSE
342489726610948000,304924155882897000,342489926175170000,FALSE
342944769178828000,306610683898568000,342944837994406000,FALSE
343157797434867000,306636975215362000,343158466025709000,FALSE
343591619311058000,306331906741919000,343592535300153000,FALSE
343934266091831000,306385987143295000,343934371739189000,FALSE
342489726610948000,306385987143295000,342489904108920000,FALSE
341910941845233000,306385987143295000,341911098979238000,FALSE
342143101737033000,306385987143295000,342143702244384000,FALSE
341608304365051000,261329830623568000,341608929200160000,FALSE
340652711053787000,261329830623568000,340652870743326000,FALSE
340654405570052000,261329830623568000,340654575657001000,FALSE
344221905114947000,237142744100242000,344222086639976000,FALSE
343440179559170000,237142744100242000,343440354949529000,FALSE
344136334536286000,237142744100242000,344136457863864000,FALSE
344139467625242000,286479972120921000,344139633031102000,FALSE
344003834130432000,286479972120921000,344004068593852000,FALSE
344290143721504000,286479972120921000,344290392500256000,FALSE
344401612231843000,286479972120921000,344402051812507000,FALSE
342480070173786000,262533013349860000,342480567960772000,FALSE
342937577138053000,113798799577056000,342938101397127000,FALSE
344261954646630000,113798799577056000,344262357486649000,FALSE
343111533683097000,113798799577056000,343111772040224000,FALSE
343174461519306000,113798799577056000,343174651999469000,FALSE
344390730525310000,113798799577056000,344391007239716000,FALSE
343249130659037000,296113681988952000,343249251036258000,FALSE
343247197389668000,296113681988952000,343247365111406000,FALSE
339970490046496000,334333662577279000,339970744418042000,FALSE
340299776901259000,334333662577279000,340299972402847000,FALSE
339215065721331000,334277172371054000,339215152854114000,FALSE
341102226052661000,92134912188490800,341102372176552000,FALSE
343233200113795000,224976443502240000,343233455283454000,FALSE
343154670463500000,224976443502240000,343155235751878000,FALSE
339797594897531000,312472644192747000,339798382118584000,FALSE
342975354509738000,266731609295176000,342978092877242000,FALSE
342994124085035000,266731609295176000,342995664886595000,FALSE
341259404980551000,239457392843580000,341259514141163000,FALSE
340555384925290000,235336004041991000,340555540002349000,FALSE
343500160076718000,235336004041991000,343500388045881000,FALSE
340833321157066000,230761045179262000,340833418524844000,FALSE
343702228809908000,323063930456965000,343702440679997000,FALSE
343585646364721000,323063930456965000,343586564394369000,FALSE
342456764564766000,244854990823793000,342456965056241000,FALSE
340739343579660000,275282223201559000,340739489149952000,FALSE
339875580535799000,324428333506478000,339875736641888000,FALSE
340559993387327000,307399682517966000,340560148877451000,FALSE
344205584783171000,307860332141158000,344205816986017000,FALSE
343941066540662000,306600921380569000,343941253755076000,FALSE
342881947195244000,307551010444238000,342882020006617000,FALSE
343848446950219000,307850548009812000,343848585566306000,FALSE
340218131305848000,244152643040625000,340268448267976000,FALSE
343586603868848000,280120591865398000,343587019106902000,FALSE
344471831001456000,307657574496002000,344472048335544000,FALSE
343615265304551000,307657574496002000,343615652652335000,FALSE
344125461784911000,307657574496002000,344125822438899000,FALSE
342982092438913000,304897616556515000,342982483701645000,FALSE
339840397216956000,304897616556515000,339840603550056000,FALSE
341862307470975000,258864201511527000,341862459438178000,FALSE
342894718705655000,258864201511527000,342894779384840000,FALSE
343337408425934000,273470080930079000,343339211980898000,FALSE
343406778050461000,273470080930079000,343407080952586000,FALSE
341108412900229000,273470080930079000,341108673565901000,FALSE
343166503846494000,273470080930079000,343166659336994000,FALSE
343337053553262000,273470080930079000,343538691099639000,FALSE
343000027317436000,273470080930079000,343000217382232000,FALSE
343150467387719000,273470080930079000,343151059222241000,FALSE
343613758088167000,273470080930079000,343613886430715000,FALSE
343256467434479000,273470080930079000,343256580578263000,FALSE
343507660402466000,273470080930079000,343507827815522000,FALSE
343756095516114000,273470080930079000,343756520904032000,FALSE
344460999797227000,273470080930079000,344461162705330000,FALSE
343375837605330000,273470080930079000,343375971017949000,FALSE
343442507337416000,273470080930079000,343443602684616000,FALSE
344377577699262000,273470080930079000,344377628571107000,FALSE
343602351986819000,273470080930079000,343602488595669000,FALSE
340111133483278000,274541223229334000,340111386527285000,FALSE
343855857720098000,301174224264462000,343856077352148000,FALSE
340661218862792000,289611193873760000,340661363928834000,FALSE
339880320496623000,300685794970681000,339883221972508000,FALSE
342843748833058000,315249452542771000,342844065285931000,FALSE
343013847500202000,315249452542771000,343013906634031000,FALSE
343445631303884000,314556951995998000,343445796516085000,FALSE
342985242655703000,218779213305046000,342985569790910000,FALSE
343595835802009000,218779213305046000,343595957466234000,FALSE
341343665106223000,171933061415003000,341343790367580000,FALSE
342489882940186000,171933061415003000,342490017948819000,FALSE
339627047667286000,257626645342037000,339627717714919000,FALSE
343445134423302000,240350594496832000,343445760507617000,FALSE
343068212514406000,272345585989305000,343068454495879000,FALSE
341084642080784000,272345585989305000,341084658670010000,FALSE
343629589121974000,272345585989305000,343629864662810000,FALSE
343669158463365000,272345585989305000,343669292332195000,FALSE
344389263377145000,272345585989305000,344389520975921000,FALSE
343016818960556000,272345585989305000,343017147616592000,FALSE
339943293996450000,233583328868549000,339943429741731000,FALSE
341676877680951000,213332018380522000,341677353669181000,FALSE
344280119690117000,249753733673108000,344280275987275000,FALSE
344207564375048000,249753733673108000,344207805214621000,FALSE
344012658217492000,249753733673108000,344012819330129000,FALSE
343017434528899000,249753733673108000,343017671570784000,FALSE
344447840127852000,249753733673108000,344447950167113000,FALSE
344226702053146000,249753733673108000,344226951802118000,FALSE
344025863973847000,249753733673108000,344026095777947000,FALSE
344036009998802000,249753733673108000,344036287733899000,FALSE
342656795387044000,293817033405366000,342656918105038000,FALSE
344187115800887000,293817033405366000,344187417122291000,FALSE
342289547337629000,248197807486927000,342289707219116000,FALSE
340601039954174000,242310665917301000,340601276664684000,FALSE
343603944993390000,242310665917301000,343603990207971000,FALSE
344168882563907000,242310665917301000,344169183412330000,FALSE
341813745519968000,242310665917301000,341813785296273000,FALSE
340119641483739000,242310665917301000,340119864843174000,FALSE
343402389789278000,293416405720293000,343402628961427000,FALSE
344120840685895000,293416405720293000,344123801696354000,FALSE
343509373368582000,243877235894395000,343509647277531000,FALSE
339429977925173000,309622600675197000,339432208105668000,FALSE
342477693443850000,309622600675197000,342477953107148000,FALSE
339719762932392000,309622600675197000,339719855882739000,FALSE
340830829916119000,309622600675197000,340831114394550000,FALSE
343174146717466000,309622600675197000,343174303378776000,FALSE
340158270782398000,309622600675197000,340158364828254000,FALSE
343270251477082000,309622600675197000,343270819826630000,FALSE
341985956288332000,310571181465567000,341986168947630000,FALSE
340555011343016000,310167127061422000,340555566500225000,FALSE
339703683338838000,310167127061422000,339703752125644000,FALSE
343579428606730000,195574500480934000,343579652950106000,FALSE
344356869474476000,195574500480934000,344357091578109000,FALSE
343948385533386000,195574500480934000,343948629875105000,FALSE
343544413600333000,195574500480934000,343544565350031000,FALSE
341860082247090000,191993538771838000,341860490527170000,FALSE
342371384514297000,295548268890333000,342371710951088000,FALSE
341003026180137000,295548268890333000,341003280275669000,FALSE
343580408224104000,293913182938849000,343581136462594000,FALSE
344210485466841000,293913182938849000,344210867297230000,FALSE
343243115481849000,293913182938849000,343243573505122000,FALSE
344106972497944000,293913182938849000,344107546654154000,FALSE
343752081549082000,293913182938849000,343752286357823000,FALSE
344283534797119000,293913182938849000,344283955340869000,FALSE
343013300874289000,287821892118283000,343013434307797000,FALSE
344128990755184000,287821892118283000,344129408216006000,FALSE
344345400232198000,279212551593165000,344345953550024000,FALSE
339823430596116000,237093772069602000,339823761192100000,FALSE
339596421239513000,222457889441883000,339596589745127000,FALSE
343520344799059000,278349053772350000,343520444683894000,FALSE
343311410731663000,243908048858047000,343312280901885000,FALSE
343433051180924000,268080096863781000,343433167336677000,FALSE
343278857516220000,268080096863781000,343279052328706000,FALSE
343445389366779000,268080096863781000,343445541742501000,FALSE
344217665358397000,268080096863781000,344217965503004000,FALSE
344293116690382000,268080096863781000,344293350748700000,FALSE
343578049700233000,268080096863781000,343578429181599000,FALSE
343948230937108000,342583552389627000,343948842291560000,FALSE
344098923479629000,342583552389627000,344099128565006000,FALSE
343911678700068000,342583552389627000,343911899656167000,FALSE
343784961106239000,342553919096193000,343785022332624000,FALSE
343454525276659000,342380264561229000,343454935797768000,FALSE
343162642923405000,241489325423535000,343163493535727000,FALSE
344124352467206000,241489325423535000,344124702898692000,FALSE
342986141633060000,317366262509559000,342986458555424000,FALSE
343687576904302000,317366262509559000,343687653951340000,FALSE
343441793598619000,317366262509559000,343442350842585000,FALSE
344162282233618000,317583953571438000,344162684898582000,FALSE
343599703556956000,317583953571438000,343599925794242000,FALSE
343664550096068000,319248154270670000,343664707451731000,FALSE
343797036316925000,319343244567945000,343797110392610000,FALSE
344227250449563000,316712322525880000,344227407453044000,FALSE
339529696558530000,310952568420982000,339529842657312000,FALSE
343491622374572000,310952568420982000,343491849704628000,FALSE
343162236737224000,309639562726727000,343162459398070000,FALSE
344108927831760000,309639562726727000,344108993115201000,FALSE
343506016201170000,310142324686905000,343506069445713000,FALSE
343888959931924000,342331791791890000,343889088137592000,FALSE
343932745947906000,342331791791890000,343932892551659000,FALSE
343078375502332000,342901797741477000,343078621351198000,FALSE
343077210670661000,342901797741477000,343077623522680000,FALSE
344105876235608000,342901797741477000,344106058861887000,FALSE
343689217822416000,276622949070103000,343689520633192000,FALSE
344100570591985000,276622949070103000,344100760622530000,FALSE
343836266234183000,276622949070103000,343836437747376000,FALSE
344446779812790000,276622949070103000,344446971353251000,FALSE
343338785166598000,276622949070103000,343339000182308000,FALSE
343015058245730000,276622949070103000,343015400515747000,FALSE
341095462030237000,276622949070103000,341095586987679000,FALSE
343150824149254000,276622949070103000,343151049133506000,FALSE
341086597943197000,262625926155297000,341087455147311000,FALSE
342293334137364000,172007679771501000,342293880209096000,FALSE
342556574979899000,196792391048062000,342556727076388000,FALSE
344361988345544000,196792391048062000,344362172056895000,FALSE
344272150998425000,196792391048062000,344272203197677000,FALSE
339541290905280000,248385495085311000,339541331503743000,FALSE
343506760167776000,342426049105731000,343506838180012000,FALSE
340379361540571000,296862143145926000,340379583455445000,FALSE
343855181976920000,296578627378921000,343855991612416000,FALSE
343512147593216000,296578627378921000,343512520096096000,FALSE
344458612783112000,214308975125701000,344459244094947000,FALSE
341003174972055000,277233537620091000,341003348981374000,FALSE
341940101094908000,277233537620091000,341940589007839000,FALSE
341715300895170000,277233537620091000,341715394854166000,FALSE
339298383759163000,277233537620091000,339298602633109000,FALSE
341693555556221000,277233537620091000,341693681785127000,FALSE
344392830731403000,277233537620091000,344393091578560000,FALSE
342016489757155000,277233537620091000,342016616241242000,FALSE
339571903899877000,331473366011101000,339572253850239000,FALSE
344281432025104000,263422843728675000,344281646427897000,FALSE
342762325134450000,281817932372886000,342762817071857000,FALSE
340156367029715000,282057027147777000,340156868632928000,FALSE
339375509074911000,282057027147777000,339375683916980000,FALSE
342025628912632000,282057027147777000,342025816736719000,FALSE
343853778587934000,287504958816519000,343854234466385000,FALSE
340206777187844000,321655613447667000,340207512861450000,FALSE
341510417580908000,326514975733784000,341510550906200000,FALSE
341764668516016000,325398502347513000,341764681397551000,FALSE
341982865393361000,275320051491152000,341982969023922000,FALSE
339296576555475000,240900811019527000,339296748262269000,FALSE
342758462242045000,240900811019527000,342758664090902000,FALSE
342241412717125000,324565082239230000,342241463679238000,FALSE
339253021590175000,325825397923881000,339253294610620000,FALSE
339873834123575000,233802201987564000,339873940078436000,FALSE
343540894584004000,329325680155705000,343542146100453000,FALSE
340230076570476000,266256300546761000,340230162453356000,FALSE
340339575983243000,201994047014626000,340339682772517000,FALSE
340221712541106000,201994047014626000,340222110252245000,FALSE
344284444939853000,267351206694560000,344284629487075000,FALSE
344269342664671000,267351206694560000,344269619131113000,FALSE
343587283414564000,267351206694560000,343588615710130000,FALSE
342986191725854000,267351206694560000,342986494897774000,FALSE
342449136430055000,267351206694560000,342449375224053000,FALSE
343152414131093000,267351206694560000,343152607306178000,FALSE
341530397357424000,322538498491842000,341530519117504000,FALSE
339795618735948000,322538498491842000,339795980531015000,FALSE
340047567881552000,322966800305668000,340047841001242000,FALSE
344266290648940000,324148701872570000,344266406750191000,FALSE
342478341619106000,324148701872570000,342478506027819000,FALSE
344368418472787000,325804078370504000,344368720159875000,FALSE
339442443791605000,263604066988147000,339442553658892000,FALSE
344023624777506000,286337829253760000,344024070730825000,FALSE
342153933159211000,280427372628239000,342154613627035000,FALSE
344102078576713000,248222540626756000,344102349577953000,FALSE
344023364331102000,269743410610283000,344023481302458000,FALSE
342643989813805000,207460490185393000,342644222745895000,FALSE
340487865301270000,235075942814180000,340488740883742000,FALSE
342333175302365000,257431092635493000,342333270947487000,FALSE
342218464593535000,247812583863485000,342218733403783000,FALSE
342142848021135000,328397486480662000,342142919979385000,FALSE
343336598680281000,328913317200380000,343336717961093000,FALSE
343683631564595000,328913317200380000,343683881373646000,FALSE
344349388779593000,262385432829772000,344350048032325000,FALSE
342990765760020000,118503288423203000,342990927928049000,FALSE
343522359071252000,143436522879624000,343522573240598000,FALSE
340428101700452000,251072304370328000,340428628979204000,FALSE
343101471930859000,301606230954197000,343101785604997000,FALSE
341928121368953000,193588341408449000,341928243071115000,FALSE
344019429932113000,273420189726336000,344019571299074000,FALSE
344023810471575000,273420189726336000,344024018439372000,FALSE
344107998290755000,273420189726336000,344108460102115000,FALSE
342986735344459000,273420189726336000,342987069004562000,FALSE
343847386533371000,273420189726336000,343847712026689000,FALSE
340640318908702000,261449122952701000,340640437524619000,FALSE
341695405747921000,165781621571519000,341696139870240000,FALSE
343503692328116000,165781621571519000,343503839356895000,FALSE
344112898609971000,165781621571519000,344113050599645000,FALSE
344277033851363000,165781621571519000,344277286404636000,FALSE
344136056029675000,165781621571519000,344136116564541000,FALSE
341142500165984000,326919475881066000,341142956997304000,FALSE
343531870169751000,327144536076664000,343532357278269000,FALSE
343617442913755000,321842451443130000,343617693967532000,FALSE
342553295423955000,321842451443130000,342553428386627000,FALSE
339521749225242000,326897577423855000,339522697103237000,FALSE
339390210715590000,327445738951467000,339390426345365000,FALSE
340178368562864000,327445738951467000,340178569475121000,FALSE
339784418286108000,327445738951467000,339785825927979000,FALSE
342380710643957000,285464161653040000,342380825843081000,FALSE
339514187462484000,282655292136563000,339514408422449000,FALSE
342406727571873000,246481835839669000,342407014236569000,FALSE
340454538188832000,190138698563535000,340454733855686000,FALSE
340955077814018000,333406277199151000,340955549683941000,FALSE
343594504382545000,333406277199151000,343594881442570000,FALSE
342644413459234000,333406277199151000,342644648515002000,FALSE
339544500374921000,333310951660732000,339544743281590000,FALSE
343512019122298000,256681724208981000,343512077910007000,FALSE
342302050027626000,224207316311843000,342302212408844000,FALSE
341690889191579000,225666089373115000,341692126151221000,FALSE
340663703672193000,278014670790444000,340663953975607000,FALSE
343076911500435000,322458114088132000,343081940394434000,FALSE
343255152419594000,325226513402880000,343255310611742000,FALSE
340457342160363000,237593151090451000,340457524124745000,FALSE
339594740489707000,223410285121102000,339594892703015000,FALSE
342563235826614000,342473778556633000,342563565779255000,FALSE
341589986032337000,334441770498072000,341590032047833000,FALSE
343087512537251000,334511109764063000,343087763230539000,FALSE
339868871994646000,201452156007490000,339869070885404000,FALSE
342429503418999000,280646565336458000,342429831407288000,FALSE
339871204599570000,270495100485780000,339871351920238000,FALSE
343251281732419000,342944302776615000,343251659160281000,FALSE
344275431620247000,343173521736646000,344275614612119000,FALSE
343402888560705000,343174221043212000,343403758665031000,FALSE
343238239726928000,212043431370843000,343239324255215000,FALSE
343259940261912000,212043431370843000,343260545711759000,FALSE
343158641181057000,212043431370843000,343158980365328000,FALSE
340552859900723000,266087877978383000,340553270063718000,FALSE
339864261386354000,266087877978383000,339864775661461000,FALSE
343571958412566000,313989351708246000,343572620820119000,FALSE
343272278497165000,313989351708246000,343272953458253000,FALSE
344123693621837000,313989351708246000,344123895179419000,FALSE
344404293564350000,313989351708246000,344404636217933000,FALSE
343156523295588000,201789562573325000,343156777832095000,FALSE
342900635226882000,288727173562540000,342901383985922000,FALSE
343087415689724000,288727173562540000,343087724441550000,FALSE
343344895062204000,343019830843515000,343345239468638000,FALSE
342366037192228000,291069594942685000,342366252640714000,FALSE
341124614272942000,290579250489516000,341125011500580000,FALSE
340049375089025000,304371044438507000,340049517044514000,FALSE
343440287744278000,304044671945810000,343440344118140000,FALSE
343665880534278000,342992121615032000,343666255895838000,FALSE
343319188540751000,303004965367062000,343513843832684000,FALSE
344463069558202000,302971324581191000,344464434852225000,FALSE
344097147980333000,303698516886003000,344097244852330000,FALSE
340074545808457000,303698516886003000,340074797847183000,FALSE
341073347922067000,241289203985458000,341074060171165000,FALSE
339953731932913000,304517972524646000,339953931113685000,FALSE
343485707906252000,343026302008336000,343485955020701000,FALSE
343613241385713000,247671360295322000,343613647889244000,FALSE
342641485488595000,247671360295322000,342641767612907000,FALSE
342981569737343000,247671360295322000,342981840092332000,FALSE
343539247611437000,247671360295322000,343539502228307000,FALSE
343495868367052000,247671360295322000,343496121027223000,FALSE
342992132892950000,247671360295322000,342992407084081000,FALSE
344273460206895000,247671360295322000,344273616815079000,FALSE
343101625459712000,247671360295322000,343101775650005000,FALSE
343166114510725000,247671360295322000,343166464427139000,FALSE
343680805999124000,247671360295322000,343681023736299000,FALSE
343079417091006000,247671360295322000,343079652987691000,FALSE
343575926381469000,247671360295322000,343576450802769000,FALSE
343674789744738000,247671360295322000,343674888895430000,FALSE
340504462584438000,240679524886430000,340506907478696000,FALSE
343934411995275000,296165165361135000,343934565769207000,FALSE
342460251440119000,296165165361135000,342460839883563000,FALSE
343645822327848000,296165165361135000,343645906657042000,FALSE
341695405747921000,300121130806575000,341696086032949000,FALSE
342212512328753000,182082220655174000,342213241208012000,FALSE
344227250449563000,242546903572604000,344227436315869000,FALSE
344363472644800000,246407304284537000,344363630626111000,FALSE
343844617598763000,246407304284537000,343844741380800000,FALSE
344102575165718000,239577572060505000,344102743836295000,FALSE
343160349424713000,239026892688155000,343161203956973000,FALSE
339645793913643000,235355292975588000,339645941644181000,FALSE
343845925484740000,203458055169475000,343846167801159000,FALSE
343077551509725000,203458055169475000,343077709018177000,FALSE
344022137194348000,203458055169475000,344022373653970000,FALSE
341167589336408000,274326578588132000,341167845263769000,FALSE
343415574035914000,233529227051385000,343415729213874000,FALSE
343176339064381000,233529227051385000,343176550295863000,FALSE
343595399668547000,233529227051385000,343596640920707000,FALSE
343250570489905000,233529227051385000,343250755001679000,FALSE
344283333687934000,233529227051385000,344283644832563000,FALSE
339501002070507000,231125452057592000,339501109084414000,FALSE
342375000847671000,230911739027391000,342375172588437000,FALSE
344106056202518000,254975853238289000,344106252818726000,FALSE
343064392832114000,280704884661159000,343064489808470000,FALSE
342893243574313000,280704884661159000,342893402168746000,FALSE
344456298942963000,343203413303353000,344459965742358000,FALSE
343263066441801000,330936099434070000,343263163272339000,FALSE
341320477807223000,329665652204306000,341320607921717000,FALSE
342462469750923000,331527740617531000,342462954958291000,FALSE
342038749921018000,330219390810472000,342038784336830000,FALSE
344360474121543000,332962491691057000,344360771769040000,FALSE
339985552628965000,332006970302390000,339985809561600000,FALSE
341889124964851000,287646262513263000,341889259664343000,FALSE
344205480623906000,287646262513263000,344205690316816000,FALSE
342894148293738000,287646262513263000,342895163555569000,FALSE
343014192502063000,287646262513263000,343014452605190000,FALSE
344276033281490000,287646262513263000,344276303790604000,FALSE
341969699250053000,287646262513263000,341969776690405000,FALSE
344226594019917000,239147751373431000,344226705883455000,FALSE
344116635257282000,239147751373431000,344116890836828000,FALSE
343138503700406000,239147751373431000,343138764973039000,FALSE
342848432999522000,239147751373431000,342848701195427000,FALSE
340733284573806000,237524691029501000,340733438982414000,FALSE
340411843953508000,288039944062149000,340411906719768000,FALSE
342326851078881000,304466689148158000,342326904096456000,FALSE
343917638795075000,304284475990319000,343918032468279000,FALSE
344188157618012000,304799732516503000,344188509724418000,FALSE
344097561092841000,270520038099969000,344097885741522000,FALSE
344285206758907000,181400561943512000,344285376296173000,FALSE
341384955768602000,181400561943512000,341385349648785000,FALSE
342710341624823000,295402030765785000,342711189600706000,FALSE
341958762910048000,211998896047735000,341958960498622000,FALSE
342920184558223000,198004954994271000,342920257327554000,FALSE
340474004917608000,123779406078633000,340474293185478000,FALSE
343000048198852000,123779406078633000,343000389700157000,FALSE
340675415231086000,123779406078633000,340679427326853000,FALSE
344399540608647000,261269751248159000,344399729540235000,FALSE
343544975527763000,261269751248159000,343545169865285000,FALSE
344122191816966000,334537831420723000,344122519242539000,FALSE
343928240691396000,334376230517481000,343928381853696000,FALSE
342037638102622000,334376230517481000,342038139853807000,FALSE
340830829916119000,334376230517481000,340830949472813000,FALSE
342896092865445000,334376230517481000,342896230745235000,FALSE
342623745729814000,334376230517481000,342623855078072000,FALSE
343739831594139000,334376230517481000,343740273614331000,FALSE
344299087864496000,334122938143039000,344299324093153000,FALSE
341288766934450000,334597451877802000,341289159810687000,FALSE
340140777309716000,204415275705279000,340140879195406000,FALSE
343102327289675000,241622917349352000,343102490242809000,FALSE
340392138365247000,284309527976977000,340392292904706000,FALSE
342760244704329000,231220612038894000,342760527314976000,FALSE
342387311957385000,327117176575049000,342387370567712000,FALSE
343138334557913000,316458471054737000,343148733172957000,FALSE
341242193594974000,221952646082446000,341242758819536000,FALSE
343229715043278000,185480247659193000,343229852390776000,FALSE
343131214914814000,185480247659193000,343131330411798000,FALSE
343156419831406000,268532670268712000,343156531406430000,FALSE
343264190874861000,208900894754096000,343264478544617000,FALSE
343426641224278000,205309714999035000,343426953186549000,FALSE
343117678828093000,214327940850402000,343118736781893000,FALSE
344368244077600000,222749375797159000,344368348645875000,FALSE
341173023885951000,238801541714437000,341173338080747000,FALSE
341634972144427000,238801541714437000,341635134945517000,FALSE
343586412640747000,274313006049158000,343586779193966000,FALSE
342143266214879000,316109525866029000,342143491246710000,FALSE
343062150069010000,329452659169190000,343062284107022000,FALSE
344458785542946000,312837173627945000,344458894641070000,FALSE
344116212844240000,312837173627945000,344116540804341000,FALSE
344116262351773000,312837173627945000,344116540804341000,FALSE
344463601420230000,312837173627945000,344463801483476000,FALSE
344472589707943000,224385923120661000,344472739771383000,FALSE
344273518909800000,239486333648929000,344273579993030000,FALSE
340940197302026000,255038324913513000,340940688593895000,FALSE
339466536862646000,295997208702468000,339466644786577000,FALSE
342967277075554000,341759066907500000,342967366985433000,FALSE
343784961106239000,341058001448108000,343785018333470000,FALSE
341766187100037000,236568971968832000,341766599833116000,FALSE
344323260805652000,299131052127232000,344323773007192000,FALSE
341077330525708000,299131052127232000,341077478657630000,FALSE
343618600567062000,298799617143578000,343619158710452000,FALSE
343598644174438000,298799617143578000,343598773951758000,FALSE
341604202359644000,313186368303874000,341604534971400000,FALSE
343622110666563000,141268741713642000,343622642625216000,FALSE
342994650933993000,337794259366068000,342994856532123000,FALSE
343058537659375000,339527347046015000,343058677345919000,FALSE
343505433918930000,339792154533388000,343505730185453000,FALSE
343933223247298000,339792154533388000,343933390949195000,FALSE
343069009682735000,339792154533388000,343069067703263000,FALSE
343507063187103000,339792154533388000,343507481565093000,FALSE
343839956947632000,339792154533388000,343840076109578000,FALSE
341443865041961000,337840627317366000,341444080190275000,FALSE
339467196352446000,337840627317366000,339467488155328000,FALSE
344061876849975000,337840627317366000,344062054655500000,FALSE
342123333977981000,339370282708205000,342123418641940000,FALSE
340839420565045000,339129507709419000,340839851012022000,FALSE
340641835167391000,219645748572423000,340642170110615000,FALSE
339294564694892000,219645748572423000,339294705730855000,FALSE
339349245554475000,219645748572423000,339349510585147000,FALSE
344471153338294000,189371746941764000,344471291687682000,FALSE
343929038153670000,337420440233549000,343930206911250000,FALSE
343840407285948000,338928927965618000,343840627397910000,FALSE
343399628124676000,338153678155063000,343400403453763000,FALSE
344104651926126000,339424716605669000,344105263982370000,FALSE
344211789053837000,339295210467541000,344212084101914000,FALSE
343622916998635000,299472522801389000,343623107574751000,FALSE
339659262936096000,299347033228501000,339659303265648000,FALSE
343539245634355000,316132987164369000,343539419501920000,FALSE
344115503547129000,316132987164369000,344116322791383000,FALSE
341112794635264000,316143480209334000,341113011411853000,FALSE
341093094234693000,316143480209334000,341093337975726000,FALSE
339696860142952000,278386092568609000,339697840882999000,FALSE
341256977787699000,320784607644885000,341257208386429000,FALSE
339729084000911000,268699403772380000,339729140917674000,FALSE
343263304325816000,258573910515532000,343263434536140000,FALSE
343181209342746000,258573910515532000,343181474307686000,FALSE
343655714703384000,258573910515532000,343660178132516000,FALSE
343183241429508000,258573910515532000,343183362862088000,FALSE
341413269092425000,258573910515532000,341413860167016000,FALSE
341106772524441000,236874214497731000,341106966360211000,FALSE
342992322660999000,299446985503596000,342992558497620000,FALSE
342972463538667000,299446985503596000,342972703441346000,FALSE
343233641656344000,302393891479027000,343233801017835000,FALSE
344377007417393000,302393891479027000,344377189820776000,FALSE
343088677450858000,303785427136823000,343088782992408000,FALSE
342824763085119000,315194454148210000,342825042461204000,FALSE
342098215626318000,315194454148210000,342098818177237000,FALSE
343617261509468000,304123340312182000,343617693710409000,FALSE
343684107674738000,304123340312182000,343684277046255000,FALSE
344375771079221000,304123340312182000,344375889270046000,FALSE
343082928608895000,304123340312182000,343083075651043000,FALSE
344028308656422000,304123340312182000,344028680248909000,FALSE
343194243420110000,304123340312182000,343194483187679000,FALSE
340065194833174000,302648668979429000,340065592272625000,FALSE
340319170389778000,313971890187002000,340320044441592000,FALSE
342986575914074000,303638520374747000,342986725603827000,FALSE
343784961106239000,333737672403255000,343785026428346000,FALSE
343165804500295000,303059633758404000,343165971456966000,FALSE
343598203692630000,303830523401093000,343598325405032000,FALSE
341860168677785000,303830523401093000,341860357978325000,FALSE
339450867059925000,286200843099079000,339451302356770000,FALSE
342719431684456000,243884899884762000,342719695468617000,FALSE
342132579132023000,303405187129778000,342132685786636000,FALSE
340718753973919000,302319598990123000,340718935479509000,FALSE
344392815005474000,333743292806455000,344393039843745000,FALSE
344281932248915000,333743292806455000,344282048273088000,FALSE
342935394864652000,333743292806455000,342935644628967000,FALSE
344202962964709000,333743292806455000,344203363493380000,FALSE
340135038006132000,333743292806455000,340135412331364000,FALSE
344404051764396000,333743292806455000,344404403544784000,FALSE
344475259567005000,333743292806455000,344475486839054000,FALSE
343166015661564000,230334209551934000,343166115366518000,FALSE
343160528852934000,281227695417115000,343161095553319000,FALSE
340964553208570000,339619421030449000,340964881746100000,FALSE
344100760518377000,336808958020354000,344101066498809000,FALSE
344128990755184000,336808958020354000,344129190998228000,FALSE
343569137930772000,336808958020354000,343569645796679000,FALSE
339889227251310000,336808958020354000,339889341277520000,FALSE
341769404190302000,340561767823188000,341769465542844000,FALSE
343863428033650000,339362465116807000,343870018998747000,FALSE
344398908066127000,339362465116807000,344399122357157000,FALSE
344277693896531000,337215029556699000,344277897981435000,FALSE
344353362520145000,337215029556699000,344353719912038000,FALSE
340676881347002000,339201496962523000,340677029785633000,FALSE
343518619184472000,340119357428818000,343518874576592000,FALSE
342976370004099000,340119357428818000,342976656110862000,FALSE
343253313124540000,336588956975063000,343253347321004000,FALSE
343670466972803000,340595525857665000,343673660811345000,FALSE
343564408226062000,340595525857665000,343564798919835000,FALSE
343961528783552000,340595525857665000,343961698489524000,FALSE
343323274585923000,340595525857665000,343323547871797000,FALSE
341096763518951000,340571068474163000,341096872621318000,FALSE
341797696832340000,335313391728885000,341797888246341000,FALSE
342980952901468000,339283691565523000,342982053754224000,FALSE
340316560568164000,339283691565523000,340316915571695000,FALSE
344183604329914000,339695321013600000,344183990697287000,FALSE
343951957834301000,339695321013600000,343952170360012000,FALSE
344205349806956000,339695321013600000,344205564405211000,FALSE
343276633114107000,339695321013600000,343276771134087000,FALSE
344213016429535000,339695321013600000,344213354386300000,FALSE
344108511368151000,336150542558486000,344108879595905000,FALSE
340654682109657000,200252564954350000,340655122935595000,FALSE
340746062359429000,200067687694935000,340746966911131000,FALSE
342031201097113000,200067687694935000,342032254715232000,FALSE
341075482919985000,200067687694935000,341075694344315000,FALSE
340680338722808000,200067687694935000,340680488162558000,FALSE
343679616676208000,271276363767817000,343679752870240000,FALSE
341102769323171000,271276363767817000,341102867970670000,FALSE
342912323849748000,271276363767817000,342912624682983000,FALSE
343146361732063000,271276363767817000,343146476702040000,FALSE
343511909240242000,321251198657192000,343512209607893000,FALSE
343110604668518000,297694714793550000,343110893515833000,FALSE
343071849291628000,297694714793550000,343072070265708000,FALSE
340480309788016000,208026073283642000,340480408067219000,FALSE
344129854332223000,208026073283642000,344129904547020000,FALSE
343056878136098000,300670127393513000,343057205049000000,FALSE
344026261700452000,300670127393513000,344026317750837000,FALSE
343588585650651000,301254728066908000,343589211702460000,FALSE
343578923148017000,301254728066908000,343579240301076000,FALSE
343759197429579000,301254728066908000,343759509489115000,FALSE
343953671514103000,301254728066908000,343953897767337000,FALSE
342824763085119000,300828094631166000,342825073200947000,FALSE
341999318864797000,110232238869144000,341999466472849000,FALSE
343951232740745000,183749013057012000,343951315483656000,FALSE
342198232766030000,183749013057012000,342198489727926000,FALSE
342460179110027000,186277458869716000,342460437854462000,FALSE
340825989263540000,309798323456114000,340826288412991000,FALSE
339476147349356000,309798323456114000,339476419387293000,FALSE
342649352707023000,309915477985067000,342649636129161000,FALSE
340735901274480000,319694806150553000,340736307268403000,FALSE
339462874911203000,286314252994061000,339463052484591000,FALSE
343770423735050000,310710130948423000,343770586478305000,FALSE
343542456005894000,310710130948423000,343542644449714000,FALSE
343500397750222000,313354209483751000,343500589111607000,FALSE
342419739565498000,313354209483751000,342419887079104000,FALSE
343011367832674000,313354209483751000,343011655640408000,FALSE
342930917758476000,327092722773065000,342931202604507000,FALSE
343153158750281000,290545037369557000,343153389622689000,FALSE
344221417517080000,326675097820053000,344221836485066000,FALSE
343550205747413000,326675097820053000,343551257225838000,FALSE
343133834594402000,326675097820053000,343133956334706000,FALSE
340055769281929000,264985595470136000,340056013325238000,FALSE
339877499494899000,328921739333656000,339877703596097000,FALSE
343260316729122000,330653443992789000,343261074360926000,FALSE
343161561195921000,330653443992789000,343161925235294000,FALSE
343104283483152000,330653443992789000,343104571890827000,FALSE
343180182377832000,330653443992789000,343180818549891000,FALSE
343598582855704000,330707425373331000,343598752789151000,FALSE
341341922904293000,330218778573979000,341342047906897000,FALSE
343851903513329000,330232353161199000,343852173834297000,FALSE
342730864564855000,330232353161199000,342731241487081000,FALSE
342721120718651000,330232353161199000,342721256949162000,FALSE
340156367029715000,331818377015386000,340156887403077000,FALSE
343188555485241000,230903402942956000,343188737391648000,FALSE
342030737379246000,218141855413970000,342031154666078000,FALSE
339461412634812000,240293265840555000,339461531103715000,FALSE
340375374546886000,300558739968057000,340375457733935000,FALSE
339532155225219000,237257879543375000,339532386107555000,FALSE
342909607784497000,279771407032280000,342910581476917000,FALSE
344454732643622000,292299075864715000,344455031701159000,FALSE
339542978068111000,291669700511621000,339543166156447000,FALSE
341256427716485000,237602527161910000,341256514036719000,FALSE
343065394782445000,216669675016717000,343065653315715000,FALSE
343352894976213000,341258468247478000,343353186818916000,FALSE
343463785931030000,341516543840624000,343463895020519000,FALSE
343151041016635000,341516543840624000,343151337935708000,FALSE
343376574340243000,341516543840624000,343376699952783000,FALSE
343349458039971000,341460655856435000,343349543584260000,FALSE
343400010288365000,341460655856435000,343400399777136000,FALSE
340751966285447000,313722012783444000,340752083878772000,FALSE
341141349744803000,340764557767114000,341141501633110000,FALSE
343525233234124000,340764557767114000,343525816034983000,FALSE
342116905886163000,316022133344805000,342117014039519000,FALSE
343947077320286000,316022133344805000,343947344824696000,FALSE
343323274585923000,316022133344805000,343323494911262000,FALSE
343332604266594000,316022133344805000,343334291063980000,FALSE
343440287744278000,253407343597364000,343440333701210000,FALSE
343931570367135000,341415979965726000,343938925499269000,FALSE
342930646571630000,314746813497401000,342930781236830000,FALSE
339526388439253000,185028831451071000,339526830786937000,FALSE
343086882555674000,287962454925313000,343086995661561000,FALSE
343931072067469000,287962454925313000,343931203042000000,FALSE
343679747948806000,287962454925313000,343680009287409000,FALSE
343860395791867000,287962454925313000,343860781278404000,FALSE
343156711706935000,287962454925313000,343156883000082000,FALSE
343879086401372000,319682581895446000,343879247780732000,FALSE
341341101592805000,155585087759008000,341341429735956000,FALSE
344239517934764000,119829716987888000,344239686896189000,FALSE
340822414256898000,306092098752749000,340822576509886000,FALSE
342996672531767000,307339311345647000,342997882658054000,FALSE
344071199834128000,305784278349013000,344071380321394000,FALSE
341685029309604000,271532798531699000,341685161498771000,FALSE
342985353228714000,306638833359372000,342986220787916000,FALSE
344106467949256000,306638833359372000,344106777544302000,FALSE
343544719976226000,306638833359372000,343545503237775000,FALSE
339866675636961000,305336756778819000,339867015085498000,FALSE
340463312675905000,300666784776069000,340463400661123000,FALSE
339647999780405000,298337664755007000,339648355005661000,FALSE
341286789673951000,256100574240023000,341287075487121000,FALSE
342470507925127000,300812193652138000,342470647658799000,FALSE
342565309734731000,341957291956830000,342565434676699000,FALSE
342933108226605000,205778394795328000,342933604724211000,FALSE
343492673775894000,205778394795328000,343492821797036000,FALSE
343073763870064000,205778394795328000,343074053547606000,FALSE
341000194057986000,331783872222068000,341000386107482000,FALSE
339478081231781000,331614415577489000,339478292902969000,FALSE
343604354170044000,332795728115884000,343604615489167000,FALSE
340504462584438000,331403822961746000,340505319244447000,FALSE
341739652605804000,331403822961746000,341776550280421000,FALSE
344435976001052000,331830685992714000,344436151314825000,FALSE
344105264960315000,331830685992714000,344105748291649000,FALSE
343141476202987000,331830685992714000,343141871265194000,FALSE
343589715106029000,329853118780244000,343589988665794000,FALSE
339398859160731000,330386451561160000,339399166553465000,FALSE
343596267121475000,266788649003771000,343596890767433000,FALSE
344448387967090000,266788649003771000,344448659801784000,FALSE
343841585940856000,266788649003771000,343841821642899000,FALSE
343955372421808000,266788649003771000,343955595378425000,FALSE
341373980709650000,183782640623166000,341374339430719000,FALSE
343591073443020000,175227839853503000,343591283141353000,FALSE
339392879348629000,333944069877874000,339394018807365000,FALSE
344455013089394000,223023288775501000,344455919511724000,FALSE
344455948805808000,223023288775501000,344456356398161000,FALSE
341812815450448000,211519620135937000,341813326796718000,FALSE
342134273346322000,318894319496995000,342134491496685000,FALSE
343524894398062000,318986920790343000,343525293057802000,FALSE
344471414891266000,319324373939470000,344471591438966000,FALSE
340638553234088000,318309973338808000,340639120954745000,FALSE
342236108692742000,281388549974697000,342236245771927000,FALSE
343834978500386000,340118059287511000,343835184105955000,FALSE
344284381674151000,340118059287511000,344284527014551000,FALSE
339255427144564000,335808184559608000,339255570143780000,FALSE
343177029173289000,339946685500956000,343177181877985000,FALSE
343321530755112000,339946685500956000,343321935989817000,FALSE
343106088877523000,336869300473250000,343106340584636000,FALSE
341179847185678000,336869300473250000,341180627046064000,FALSE
341359633704059000,339808344335335000,341359757609263000,FALSE
341424659999572000,339808344335335000,341424941488013000,FALSE
340834409134612000,335237635164430000,340834679228702000,FALSE
344463529151315000,340213889032413000,344463810242420000,FALSE
344126532669874000,338322486643613000,344127044285038000,FALSE
340046228727865000,338662588994978000,340046359190143000,FALSE
343537237087551000,338662588994978000,343537656825847000,FALSE
343071775973826000,336423828383310000,343071990347309000,FALSE
342403745192182000,336423828383310000,342403868397568000,FALSE
340480321423769000,336423828383310000,340480557359014000,FALSE
339788327002308000,339356022649241000,339788880211615000,FALSE
344465344547938000,337649707032568000,344465435680940000,FALSE
342227795060441000,339825916214239000,342229429744984000,FALSE
343188803987071000,339825916214239000,343189152486908000,FALSE
343328006499229000,339825916214239000,343328406384541000,FALSE
341875160037269000,337102187215577000,341875681077698000,FALSE
343674235065073000,313875946559717000,343674498344697000,FALSE
340236916989526000,314205160541216000,340237075694092000,FALSE
339860682524205000,314205160541216000,339860876266004000,FALSE
342821681719730000,258980375474922000,342821859214713000,FALSE
343089087823167000,329882554283000000,343089521636098000,FALSE
340125042195898000,329882554283000000,340125096282464000,FALSE
341631971053838000,329882554283000000,341632129153327000,FALSE
340402126167474000,329882554283000000,340403836439462000,FALSE
343955996652609000,208021513578415000,344011462788890000,FALSE
343760603768291000,208021513578415000,343760752350543000,FALSE
344325527362732000,208021513578415000,344325914267738000,FALSE
343171409001529000,208021513578415000,343171974303301000,FALSE
343107407908708000,208021513578415000,343107763150880000,FALSE
343107364725809000,208021513578415000,343107763150880000,FALSE
341325954726699000,181414323839239000,341326231992844000,FALSE
343463785931030000,330872029510189000,343463915185684000,FALSE
344127617048395000,330180457885966000,344127799670915000,FALSE
342991421374857000,330050001670349000,342991552298320000,FALSE
340667808451830000,329679612668453000,340668008465555000,FALSE
343432793070166000,329679612668453000,343432960200261000,FALSE
342371470962966000,329673906937979000,342371577995198000,FALSE
341101379741835000,196618522944283000,341101624966946000,FALSE
340776798669783000,299981742125678000,340776908648612000,FALSE
342459050273652000,342236264670232000,342459450787700000,FALSE
342923653232713000,342236264670232000,342924157573390000,FALSE
342225588195295000,291176183556423000,342225770877034000,FALSE
342117474933874000,341616559088820000,342117592698601000,FALSE
342243500802924000,341616559088820000,342244210967961000,FALSE
342474515443605000,280331161125479000,342475030570827000,FALSE
343784961106239000,341174589961765000,343785013726306000,FALSE
342464261365293000,314492339568476000,342464282991960000,FALSE
344297823224078000,264222261731099000,344298168095670000,FALSE
343026323101040000,264222261731099000,343026933752815000,FALSE
341165581109821000,237148746710484000,341165703965335000,FALSE
342401231281520000,237148746710484000,342668831893110000,FALSE
343141912491081000,307292498714484000,343142162286657000,FALSE
343771976938766000,307292498714484000,343773106935750000,FALSE
344042518037135000,317145661800513000,344042695687880000,FALSE
341196013746741000,318996152100200000,341196356106461000,FALSE
340469771558387000,318723098874437000,340472263016407000,FALSE
344112025844498000,318723098874437000,344112148906229000,FALSE
341180799629205000,318269850635567000,341181108725489000,FALSE
341277041086267000,318269850635567000,341277154216771000,FALSE
340235047478296000,318044607989194000,340236139959132000,FALSE
344221970567274000,249861217678238000,344222130596970000,FALSE
343856943223226000,249861217678238000,343857118709882000,FALSE
343615207945715000,249861217678238000,343615402678108000,FALSE
340049639874502000,319152685436756000,340049904376062000,FALSE
344378367396306000,321794678635552000,344378538157629000,FALSE
343463785931030000,300817342153498000,343463914699563000,FALSE
343488947408068000,273285874127193000,343489091333259000,FALSE
343174827344625000,263666245073364000,343175110855499000,FALSE
344202394209370000,263666245073364000,344202537916768000,FALSE
341106585450119000,263666245073364000,341107161811148000,FALSE
343357426335162000,263666245073364000,343358189111287000,FALSE
344135755975303000,263666245073364000,344135912264105000,FALSE
343044443963752000,263666245073364000,343044902142541000,FALSE
342655104140853000,263666245073364000,342655525555994000,FALSE
343077558570852000,263666245073364000,343077795833544000,FALSE
343519911462035000,263666245073364000,343520140766863000,FALSE
343707037665894000,263666245073364000,343707150763982000,FALSE
343177773969277000,263666245073364000,343177887097839000,FALSE
340351796669694000,158894108062770000,340351905666883000,FALSE
344308645226643000,318270977789739000,344308792568078000,FALSE
344225760548233000,318270977789739000,344225901982547000,FALSE
344384100056342000,318270977789739000,344384332753641000,FALSE
344107224771510000,318270977789739000,344107324858990000,FALSE
343487713900535000,318270977789739000,343487902675648000,FALSE
342884649368420000,316719145520972000,342884825808379000,FALSE
344128879488876000,292561377241055000,344223245421232000,FALSE
343535238532579000,292561377241055000,343536378204643000,FALSE
339805458706530000,311971275145027000,339805607521870000,FALSE
344156130622062000,280180251095221000,344156210507808000,FALSE
343007167564013000,225065498744472000,343007843177209000,FALSE
339639861070823000,293111039149301000,339640025236627000,FALSE
342208519340179000,293750180291854000,342208831216656000,FALSE
340471579108622000,237247709686031000,340482793066709000,FALSE
343580986516553000,247277006557570000,343581166194556000,FALSE
344222000378675000,211311357427746000,344222296038932000,FALSE
344384794154606000,211311357427746000,344385065305194000,FALSE
344189235029729000,211311357427746000,344189503292702000,FALSE
344044569796485000,211311357427746000,344044831037661000,FALSE
344368279766376000,211311357427746000,344368449494818000,FALSE
344403897021874000,211311357427746000,344404130178613000,FALSE
343156406993567000,211311357427746000,343157903695134000,FALSE
340046153104072000,143927103901697000,340046343030767000,FALSE
342306324829872000,259549887939257000,342306413786431000,FALSE
344101422347558000,287508145893057000,344101774871265000,FALSE
343249524860239000,307677947960869000,343249979582455000,FALSE
342036466417262000,307889798270468000,342036606171660000,FALSE
342922335061237000,307889798270468000,342923243858559000,FALSE
342125106716532000,307889798270468000,342125608606441000,FALSE
339884046577655000,335447825355964000,339884239708659000,FALSE
342990220191842000,340064277907439000,342990430936866000,FALSE
344125389170106000,292832429322928000,344125584552853000,FALSE
341215167237111000,339308242836783000,341215733592957000,FALSE
343977942034341000,337155058262343000,343978160631152000,FALSE
339641425895137000,339214593865089000,339641755585069000,FALSE
344325788864176000,338452459474657000,344326090448150000,FALSE
342994770147491000,338452459474657000,342994969695568000,FALSE
343032478657257000,338452459474657000,343032687202001000,FALSE
343863671213596000,339045284060610000,343863867627347000,FALSE
340245068775399000,339045284060610000,340245519903006000,FALSE
343546424526225000,339814967199547000,343546821776908000,FALSE
343960567356416000,339814967199547000,343960802783412000,FALSE
343662109792231000,339814967199547000,343662294526124000,FALSE
343002063339364000,339814967199547000,343002409962815000,FALSE
343160709419303000,335733373947822000,343161162306838000,FALSE
344025324145672000,335733373947822000,344025514136854000,FALSE
343143066123042000,340427639204298000,343143326303715000,FALSE
340920553700516000,335811114066067000,340920985333473000,FALSE
342320972028551000,335893340501795000,342321199089189000,FALSE
340306904111358000,339986876900139000,340307033606127000,FALSE
341417716575141000,339032618865361000,341417835966456000,FALSE
342996004867473000,340140891324252000,342996098071462000,FALSE
342478262421266000,340140891324252000,342487999647195000,FALSE
344142189241475000,340229169968554000,344142547601481000,FALSE
344119854690066000,340229169968554000,344120047514591000,FALSE
342467326604238000,337380892056273000,342467479909244000,FALSE
341529543814234000,338685455003992000,341529655996875000,FALSE
342924182200205000,337991706822688000,342924626804195000,FALSE
340138105243549000,339475334791938000,340141496223670000,FALSE
343672935444570000,337698138531217000,343673170738814000,FALSE
341430894935933000,337698138531217000,341430982669648000,FALSE
340678898741960000,339454645503181000,340679078114926000,FALSE
343596918625820000,339793335810318000,343597232516030000,FALSE
343767313644666000,337216122246586000,343767453110034000,FALSE
343161060841349000,337216122246586000,343161165981499000,FALSE
339220980268032000,292593967130206000,339221076554088000,FALSE
343519336456044000,340144286793195000,343519479407255000,FALSE
343784961106239000,336020222722105000,343785031450173000,FALSE
340476118100066000,336782195759309000,340476475494752000,FALSE
342890769192796000,266966969456846000,342891215638536000,FALSE
341259404980551000,266966969456846000,341259535176081000,FALSE
344376013177446000,331396323430498000,344376527205441000,FALSE
343001855214903000,331396323430498000,343003194050740000,FALSE
343711473130504000,331396323430498000,343711921425973000,FALSE
342056100995768000,332614049306132000,342056402393989000,FALSE
344202288187047000,322028687862939000,344202686203912000,FALSE
343939603565109000,331680221269541000,343939726257504000,FALSE
343153964695634000,331765509293891000,343154137163161000,FALSE
340386485468192000,332726597100929000,340386623644016000,FALSE
341168124162007000,332531739423637000,341168264309874000,FALSE
342111532653347000,332362355118940000,342111694639464000,FALSE
339858201371287000,330362095874646000,339858430891516000,FALSE
340171155398295000,331921294068596000,340171538170388000,FALSE
343002639475236000,329701138201231000,343002890041163000,FALSE
341259758235500000,331761041392845000,341259964873605000,FALSE
343504255475859000,331761041392845000,343505434429415000,FALSE
343536403712426000,331761041392845000,343537327540977000,FALSE
339434375981244000,203389170494555000,339434806258106000,FALSE
341850109257490000,239900616411661000,341850953845842000,FALSE
343136487081115000,299513598200135000,343153546533150000,FALSE
344448015894519000,234183746316494000,344449122015666000,FALSE
341958762910048000,189284314349659000,341958940158869000,FALSE
343602274206777000,299097399134945000,343602398501847000,FALSE
343072150430818000,299097399134945000,343072531082313000,FALSE
343155311945007000,299097399134945000,343155540149706000,FALSE
343238476252872000,299097399134945000,343238627149193000,FALSE
344206539962294000,319325441116913000,344206704207544000,FALSE
341849984585015000,237226828375106000,341850969690734000,FALSE
343277153447100000,209937921052886000,343277257547587000,FALSE
340483507446309000,243894153096602000,340483911541342000,FALSE
342547949401219000,269421244418237000,342548390815154000,FALSE
344156309319245000,320025989625512000,344156515513688000,FALSE
343156435551281000,294713463759888000,343156717236306000,FALSE
343329845254275000,342405831268303000,343329963846352000,FALSE
342847110148145000,342464514073583000,342847405673636000,FALSE
342834217249185000,342397758639857000,342834964426555000,FALSE
344117451615854000,90905153726489800,344117955046998000,FALSE
343329739438071000,152462579227084000,343329948446949000,FALSE
343588729479151000,244392808708752000,343588820006264000,FALSE
343453707257446000,244392808708752000,343453971211304000,FALSE
344139887928410000,244392808708752000,344140748262203000,FALSE
343355929234636000,244392808708752000,343356191852249000,FALSE
341856433904058000,228713851797824000,341856475843813000,FALSE
344199583439904000,247448545433412000,344199936718159000,FALSE
342278963752902000,341259756959301000,342279484235890000,FALSE
342282072597897000,341259756959301000,342282424792621000,FALSE
340483747355058000,178631180612994000,340485334205300000,FALSE
343241361396801000,341549602026438000,343241487297757000,FALSE
343770664195268000,341278006086508000,343770675651780000,FALSE
342994337975902000,274416387963692000,342994619355078000,FALSE
340480641107828000,274416387963692000,340480749807567000,FALSE
343599275182481000,108055930500752000,343600179652108000,FALSE
343867765627895000,108055930500752000,343868138034388000,FALSE
343248129790689000,108055930500752000,343248670129766000,FALSE
343242675042205000,254262833819116000,343242912272654000,FALSE
341119879494271000,185952295505061000,341144367781888000,FALSE
344201180889374000,185952295505061000,344201500813475000,FALSE
340585852331778000,241395822992778000,340586009444720000,FALSE
342839242481033000,231288042271245000,342839302758801000,FALSE
341256817609810000,136166152851137000,341256986608328000,FALSE
341780340177551000,136166152851137000,341780470714007000,FALSE
342667626049454000,136166152851137000,342667775843418000,FALSE
343412762010591000,136166152851137000,343412877882089000,FALSE
339776539643666000,257875281306436000,339776639553618000,FALSE
339885451155235000,214069514199885000,339885573594169000,FALSE
339684673127170000,214069514199885000,339684729394225000,FALSE
343525458064769000,234200479744124000,343525558324748000,FALSE
343082994571477000,198869800397579000,343083188932878000,TRUE
341188545712185000,198869800397579000,341188668026126000,TRUE
341453696834486000,198869800397579000,341453902747238000,TRUE
344194646408552000,286846318670791000,344194755456589000,TRUE
344193911121395000,249863145997222000,344194391810973000,TRUE
342983366964265000,236563756321113000,342983771251359000,TRUE
342975731562520000,288831319734239000,342975833449734000,TRUE
341096377022431000,290171309210230000,341097015511007000,TRUE
343265826562129000,331322136221564000,343266367395340000,TRUE
343281794965028000,286169148791243000,343282047768707000,TRUE
342930754327322000,321907780270800000,342931038776467000,TRUE
339608861138010000,277430698996982000,339608947753582000,TRUE
340300162445238000,202767083142964000,340300511920644000,TRUE
344143641174319000,320115527305617000,344143950949818000,TRUE
344370285165109000,320115527305617000,344370538730962000,TRUE
339392691354615000,295142899234471000,339393195747106000,TRUE
342079215789859000,325311088184320000,342079320743960000,TRUE
341795253471142000,231632531271803000,341795540027654000,TRUE
342994025004105000,320247811690668000,342994299206320000,TRUE
343510788281925000,311392480591527000,343511401457967000,TRUE
341521478614401000,311563774398029000,341521786656039000,TRUE
343101806320468000,208344455084876000,343102215076970000,TRUE
344231686925361000,230494318819927000,344231815850401000,TRUE
340834972906668000,308525600529858000,340835074958573000,TRUE
343613590444433000,239807985459807000,343613704967766000,TRUE
343246717604175000,239807985459807000,343246880471588000,TRUE
343108077670686000,239807985459807000,343110103341850000,TRUE
339896067054756000,333134528229564000,339896229134450000,TRUE
344118450749399000,268274235936498000,344118749755809000,TRUE
339379206534013000,336851465022152000,339379640271823000,TRUE
342981806196482000,338365849642483000,342981917764370000,TRUE
343314501572558000,338923136958226000,343314712495251000,TRUE
342883485338271000,336238472329723000,342883734434185000,TRUE
343662082615689000,339040433518387000,343662200781365000,TRUE
339633056014999000,338233125951488000,339633295238430000,TRUE
342043539908870000,341360781064732000,342043620828586000,TRUE
343582190446944000,341536352125427000,343582943104450000,TRUE
341714409316114000,334938038400294000,341714764040765000,TRUE
340735172615471000,334040112827711000,340735344363798000,TRUE
340111881016893000,280246375717987000,340111965837467000,TRUE
344383104870424000,298047291235672000,344386201053446000,TRUE
341508321671520000,305041548625510000,341508587220000000,TRUE
343087749834981000,273871343133680000,343087975220265000,TRUE
343600597718843000,273871343133680000,343600935583293000,TRUE
344273280831643000,237065273914729000,344274113883103000,TRUE
344277398887858000,284222498233689000,344277572406116000,TRUE
342968885208801000,284222498233689000,342969020676776000,TRUE
344195078933045000,266084293353456000,344195118042193000,TRUE
343587214384390000,269109738921583000,343587582470570000,TRUE
339440155532542000,266093598888756000,339440554998808000,TRUE
340557124112064000,290610254334812000,340557208495014000,TRUE
340488453162401000,289073588955496000,340489150812348000,TRUE
343492100068655000,211910239059264000,343492516267925000,TRUE
343842234657546000,211910239059264000,343842619954233000,TRUE
343063712927776000,222537242317767000,343063886737309000,TRUE
344190087298277000,156884708985488000,344190200668659000,TRUE
344377117235814000,156884708985488000,344377253036990000,TRUE
343926913552695000,231654726260065000,343927080371412000,TRUE
343937830757638000,237534495476409000,343937916047917000,TRUE
339965340689727000,302399988312342000,339965465180586000,TRUE
343413936144269000,302741318314344000,343415810364891000,TRUE
342066048055107000,127085384481293000,342066154229620000,TRUE
342314355450232000,239312763949073000,342314509124526000,TRUE
344110987911086000,322097523770376000,344111228607750000,TRUE
343584882180300000,322097523770376000,343585223304011000,TRUE
342991334567977000,216853500423259000,342993431114342000,TRUE
342763332528685000,216853500423259000,342763535965397000,TRUE
343497117405184000,216853500423259000,343497347376693000,TRUE
341497572220059000,216853500423259000,341497824766746000,TRUE
344471055182192000,216853500423259000,344471621430607000,TRUE
343686458898554000,299895549556998000,343686630973267000,TRUE
342513520768663000,308425984488439000,342513664144777000,TRUE
339313907910877000,308411584578543000,339314297792790000,TRUE
343514421846392000,308414827886125000,343514931466117000,TRUE
341680916997562000,310623583471640000,341681032803942000,TRUE
344133970411569000,311092984586682000,344134203211366000,TRUE
341447239440482000,306517584452665000,341447479803314000,TRUE
343167089067982000,306385987143295000,343167264226427000,TRUE
341457321888112000,237142744100242000,341457357203046000,TRUE
344191267986554000,237142744100242000,344191687566327000,TRUE
344455616964190000,113798799577056000,344456050849456000,TRUE
341568013323092000,218854933647598000,341568295043973000,TRUE
340062958331601000,239457392843580000,340063079375093000,TRUE
342890769192796000,239457392843580000,342890961874911000,TRUE
343325468867969000,244152643040625000,343325609496985000,TRUE
344314974840545000,244152643040625000,344315381615091000,TRUE
344097369538691000,307657574496002000,344097908235026000,TRUE
339447832313495000,258864201511527000,339448203984724000,TRUE
343844538991738000,273470080930079000,343844661431025000,TRUE
343771218406645000,273470080930079000,343771598281179000,TRUE
343191672210743000,273470080930079000,343191847903494000,TRUE
344031721120587000,213231166909129000,344032317272842000,TRUE
344154608482992000,300591891488014000,344154732609822000,TRUE
340253831015489000,300685794970681000,340253980186116000,TRUE
339463432030462000,311866354436612000,339463462460776000,TRUE
342935236415676000,272345585989305000,342935373282205000,TRUE
343261244196970000,249753733673108000,343261483957444000,TRUE
343187681278976000,249753733673108000,343187847990485000,TRUE
342829564045426000,248197807486927000,342829805201948000,TRUE
339208995230892000,248197807486927000,339209331005464000,TRUE
341195797828133000,242310665917301000,341195975077413000,TRUE
342010966391988000,242310665917301000,342011153717502000,TRUE
341355560000356000,242310665917301000,341355688781496000,TRUE
341499452292358000,244007640888902000,341499757207765000,TRUE
343086654865498000,293416405720293000,343086800508690000,TRUE
343928810611228000,293416405720293000,343928920704860000,TRUE
343413882057900000,309622600675197000,343414043094220000,TRUE
341641388858671000,294703904556474000,341641459412140000,TRUE
343235871706382000,295819290089848000,343235977112248000,TRUE
343597766341017000,293913182938849000,343597881125240000,TRUE
343598925431324000,293913182938849000,343599047429496000,TRUE
344274633416491000,293913182938849000,344274860537413000,TRUE
344362841950961000,293913182938849000,344363000490639000,TRUE
343567989364219000,293913182938849000,343568265134768000,TRUE
340771659525611000,286738246479283000,340771766511337000,TRUE
343622913758543000,268080096863781000,343623160250105000,TRUE
343021806400749000,268080096863781000,343022231545872000,TRUE
343418515414179000,268080096863781000,343419327739904000,TRUE
344139320133476000,268080096863781000,344140393478660000,TRUE
344028495442354000,342583552389627000,344028746169319000,TRUE
343336298314489000,342583552389627000,343336463008661000,TRUE
343446371958013000,342583552389627000,343446694280683000,TRUE
343334419661316000,241489325423535000,343334643754033000,TRUE
342944607700902000,317366262509559000,342945072645931000,TRUE
342031560682520000,318129610914447000,342032669097476000,TRUE
343021724589252000,310952568420982000,343021825183588000,TRUE
343409593098264000,276622949070103000,343409895284015000,TRUE
343326245729927000,276622949070103000,343326780201418000,TRUE
343056770174361000,214321358600627000,343056896543318000,TRUE
344462587795906000,342426049105731000,344462742501433000,TRUE
339910004234067000,296862143145926000,339910166410895000,TRUE
342216576305086000,296862143145926000,342216698966163000,TRUE
343313164861579000,296578627378921000,343313418668417000,TRUE
340712164304502000,332655359578685000,340712206559355000,TRUE
341109988460699000,331571180212543000,341111158818914000,TRUE
344372991702269000,302999628378038000,344373372432211000,TRUE
343149767457792000,325074311848591000,343150025220448000,TRUE
342998525567959000,321655613447667000,342998785500782000,TRUE
343171647386992000,324565082239230000,343171743223095000,TRUE
344372019820175000,179984688929850000,344372250453270000,TRUE
341103226482704000,329277568287965000,341103727038578000,TRUE
343777734929367000,329325680155705000,343778332913901000,TRUE
341351722831372000,323620363335893000,341352099666067000,TRUE
339572860043002000,207095747129975000,339573165688291000,TRUE
344470935569203000,267351206694560000,344471035873091000,TRUE
341071153475403000,325537762009710000,341071308325978000,TRUE
339395188680220000,299367700153557000,339395606015475000,TRUE
339560194399150000,99396124314281000,339560660883439000,TRUE
341798083427139000,269743410610283000,341798479988940000,TRUE
344009284222730000,287940519465444000,344009384854708000,TRUE
342915975965024000,247812583863485000,342916205177405000,TRUE
341861450776011000,205943782249464000,341861527337345000,TRUE
340655424529260000,283024160898040000,340655583075655000,TRUE
341205256604410000,273420189726336000,341205380297654000,TRUE
343491223640727000,273420189726336000,343491373219250000,TRUE
344118646717153000,273420189726336000,344124164295655000,TRUE
342290562487918000,165781621571519000,342290675774709000,TRUE
341766954215866000,165781621571519000,341767679861235000,TRUE
340299945656033000,265766477310657000,340300149178056000,TRUE
343348879803711000,274905550438737000,343349417442385000,TRUE
339883135913459000,230346235191444000,339883219740197000,TRUE
343951640383045000,253650357210539000,343951693654073000,TRUE
342989940545560000,229805118163240000,342990143338274000,TRUE
341498251299397000,323635911681286000,341498419624706000,TRUE
343079296208797000,270495100485780000,343079490192957000,TRUE
342462783957041000,270495100485780000,342462964804591000,TRUE
339700715341463000,230927182752400000,339700802676113000,TRUE
343158143499255000,212043431370843000,343158429211533000,TRUE
343510540597403000,314891470596358000,343510812429885000,TRUE
344355739780308000,342994320728957000,344356159490842000,TRUE
339360894609629000,314487109566382000,339360985075491000,TRUE
344149814610681000,303004965367062000,344149950409736000,TRUE
344449131230584000,302456778629873000,344449290434330000,TRUE
342546889905946000,294100877148307000,342547129707749000,TRUE
343067277216718000,247671360295322000,343067697593598000,TRUE
344392830731403000,296165165361135000,344393179948924000,TRUE
340036359930536000,296165165361135000,340036516266451000,TRUE
342918409118417000,239577572060505000,342918681240535000,TRUE
344018288105652000,203458055169475000,344018610626355000,TRUE
343237132195537000,203458055169475000,343237272161853000,TRUE
343150661729673000,233529227051385000,343150834410266000,TRUE
343494936984600000,230911739027391000,343497365246058000,TRUE
343511832761237000,280704884661159000,343512019162898000,TRUE
343076663810441000,280704884661159000,343076926022115000,TRUE
343056937550880000,280704884661159000,343056964763394000,TRUE
340132193746100000,330675816954855000,340132357123997000,TRUE
340047218378137000,287646262513263000,340047304317378000,TRUE
341683658174881000,287646262513263000,341683913344253000,TRUE
341105466098286000,302211221971148000,341105756802212000,TRUE
343513856765984000,302378350056546000,343514159620399000,TRUE
343006483676307000,204744962574828000,343006613633114000,TRUE
344367701248655000,238282986977690000,344367993683279000,TRUE
344383956301447000,238282986977690000,344384808459051000,TRUE
341381873026670000,230274483208004000,341382145095205000,TRUE
343581465095094000,211998896047735000,343582651785429000,TRUE
343748644617781000,211998896047735000,343748790640345000,TRUE
344174339608952000,261269751248159000,344174678691176000,TRUE
339374043978891000,335058669092864000,339374522243637000,TRUE
340515217303126000,334594728909758000,340515339783889000,TRUE
343506059664998000,334594728909758000,343506284582813000,TRUE
343518593160462000,300399056967450000,343518762787684000,TRUE
343449928919744000,268532670268712000,343450252876218000,TRUE
344218516554014000,214327940850402000,344218710732193000,TRUE
342897473747763000,222749375797159000,342897884874604000,TRUE
341264047910641000,341059416886755000,341264126095499000,TRUE
344206536290140000,341759066907500000,344206918785523000,TRUE
342211440788389000,341104856843059000,342212147473367000,TRUE
341187312302276000,286110523686462000,341187533978837000,TRUE
340922358396281000,294248134069436000,340922489551020000,TRUE
340659394391793000,313435313015652000,340659576316403000,TRUE
339966433929068000,336142455949033000,339966806721102000,TRUE
342391876710948000,340172246260252000,342392125626171000,TRUE
339858428160598000,336358412365865000,339858536847360000,TRUE
342981339012063000,336497427776422000,342981576321130000,TRUE
343071907302277000,335839192784650000,343072146012733000,TRUE
344113411669385000,335839192784650000,344113556663656000,TRUE
341941118380155000,340140740694720000,341941273592529000,TRUE
343063912077615000,339792154533388000,343064051082969000,TRUE
343767042653495000,339792154533388000,343767259574968000,TRUE
343327270021570000,339792154533388000,343327527867572000,TRUE
343913775470714000,339792154533388000,343914285314187000,TRUE
339457514862231000,337226833221410000,339457561659375000,TRUE
341285594254868000,337840627317366000,341285751613202000,TRUE
341347887266988000,339370282708205000,341348062025670000,TRUE
343929003762401000,337420440233549000,343930206911250000,TRUE
340814970129973000,338414972059295000,340815202685296000,TRUE
340514460014797000,337906564513972000,340514657297326000,TRUE
340601384849391000,340069711764832000,340601974034907000,TRUE
339210920208318000,337654707085500000,339211013843288000,TRUE
343496220189491000,340141266691088000,343496659685777000,TRUE
343936736482058000,220852398924866000,343937077482610000,TRUE
344230529665900000,262033074340349000,344230667837210000,TRUE
343198714387390000,264984886196421000,343198964351017000,TRUE
344049773598523000,260421174043206000,344050057368657000,TRUE
342987313834655000,284526880348308000,342987518330634000,TRUE
343590845272604000,258573910515532000,343591057527980000,TRUE
343492100068655000,258573910515532000,343492595183222000,TRUE
342986188305883000,258573910515532000,342986777507553000,TRUE
342991334567977000,299446985503596000,342993227752185000,TRUE
342948611078725000,299446985503596000,342948729862545000,TRUE
340439163240857000,304563745125957000,340439307776286000,TRUE
343284282804879000,304123340312182000,343284611555287000,TRUE
341770068314144000,297610117250695000,341770119953531000,TRUE
340057988878794000,333221770096238000,340058245617361000,TRUE
344108109677617000,243884899884762000,344108900524130000,TRUE
341178259082051000,333473626078748000,341178533750055000,TRUE
342982843955101000,333743292806455000,342983431101874000,TRUE
343061747120218000,333743292806455000,343061948356100000,TRUE
340554142716551000,333743292806455000,340554657951449000,TRUE
342626093950451000,339704109288734000,342626185522077000,TRUE
340307670918627000,337215029556699000,340307856331014000,TRUE
339551014570328000,339201496962523000,339551271519690000,TRUE
342984733787562000,340119357428818000,342985127706583000,TRUE
344455200379494000,340595525857665000,344455907838976000,TRUE
343296425152536000,340595525857665000,343296703780782000,TRUE
343238974182588000,340595525857665000,343239731905454000,TRUE
344371076599939000,340595525857665000,344371329894834000,TRUE
339442010198712000,200067687694935000,339442462513569000,TRUE
341949231783100000,200067687694935000,341949306700529000,TRUE
340566080679411000,270298126447223000,340566265443852000,TRUE
343796406652502000,321251198657192000,343796560040992000,TRUE
339877730671452000,208026073283642000,339878342669738000,TRUE
344102449539088000,301254728066908000,344102646093406000,TRUE
339887067914305000,309798323456114000,339887273138643000,TRUE
343675603212337000,319694806150553000,343675872521715000,TRUE
343441123565551000,310450808959967000,343441241577963000,TRUE
341332817845788000,327981042576171000,341333184834642000,TRUE
343241991234543000,326675097820053000,343242445646495000,TRUE
343339246156881000,326675097820053000,343339436892258000,TRUE
342819219316637000,264985595470136000,342819331563348000,TRUE
344027323179393000,332713430149169000,344027581632667000,TRUE
343103180155658000,330653443992789000,343103472445505000,TRUE
344185093804113000,230903402942956000,344185386796466000,TRUE
342493372044632000,341516543840624000,342493697156726000,TRUE
343339631911075000,341516543840624000,343339765211734000,TRUE
343090605229539000,341281044628586000,343090832900300000,TRUE
344059295041462000,316022133344805000,344059396156571000,TRUE
342297355321516000,253407343597364000,342297493277360000,TRUE
339884416823279000,117338575048590000,339884497167220000,TRUE
341530586015424000,277172752217605000,341530736957341000,TRUE
342477275590123000,155585087759008000,342478512045662000,TRUE
343927106579841000,241979361177715000,343927383920852000,TRUE
343596325447786000,241979361177715000,343596459351031000,TRUE
343595399668547000,241979361177715000,343596704955547000,TRUE
341334824298102000,307316645129724000,341335157576843000,TRUE
344125209599303000,306638833359372000,344125767187759000,TRUE
342022374450438000,301197085082738000,342022511205359000,TRUE
343886919379230000,340705781948530000,343887268506812000,TRUE
343246411703222000,332795728115884000,343246607186763000,TRUE
343241158945120000,331830685992714000,343241409957249000,TRUE
343922251193065000,331830685992714000,343922558447337000,TRUE
344461054338056000,223023288775501000,344463520709533000,TRUE
344448707017277000,223023288775501000,344448937776857000,TRUE
343854407340515000,340118059287511000,343854741845450000,TRUE
340173936837460000,336708940075376000,340175010269036000,TRUE
343765397756313000,336869300473250000,343765568391684000,TRUE
341680698936287000,336869300473250000,341681312869515000,TRUE
341858313287876000,335237635164430000,341858873678110000,TRUE
343851055245934000,338322486643613000,343851286556499000,TRUE
344282977059381000,339942564302651000,344283238930153000,TRUE
342930064595083000,338662588994978000,342930669226262000,TRUE
339514199260782000,336423828383310000,339514441316573000,TRUE
342238994265161000,335714101116461000,342239433271247000,TRUE
342470031446548000,339825916214239000,342470167159726000,TRUE
339259839360393000,337102187215577000,339260321902616000,TRUE
341019755194794000,314205160541216000,341019848660025000,TRUE
341025829008425000,314205160541216000,341026111765299000,TRUE
344317540331479000,258980375474922000,344318076640911000,TRUE
343587214384390000,330180457885966000,343587567893217000,TRUE
342281174544195000,341429320625111000,342281349788934000,TRUE
343100031940362000,291176183556423000,343101265819033000,TRUE
342328603430609000,237148746710484000,342329277706887000,TRUE
341331538141937000,315207435954602000,341332001653473000,TRUE
342270057691635000,317145661800513000,342270378434363000,TRUE
342060253730496000,318723098874437000,342060305180885000,TRUE
339887997174694000,318269850635567000,339888415382601000,TRUE
339605781244240000,300817342153498000,339606017136959000,TRUE
343008096723222000,263666245073364000,343008244774150000,TRUE
342984350680670000,263666245073364000,342984659365429000,TRUE
343293964144156000,263666245073364000,343294127226216000,TRUE
343451441490124000,263666245073364000,343451935854862000,TRUE
344321975015858000,318270977789739000,344322219652947000,TRUE
340468980952817000,318270977789739000,340469168416964000,TRUE
343669956966277000,292561377241055000,343670497811931000,TRUE
342840978970583000,293671737471860000,342841302124208000,TRUE
342140660259979000,293671737471860000,342146884496384000,TRUE
343416408856371000,293671737471860000,343416684883550000,TRUE
343074931988086000,211311357427746000,343075243420385000,TRUE
344135003577753000,335447825355964000,344135820591767000,TRUE
340417419272642000,340311011161997000,340417710794916000,TRUE
343356645180178000,339814967199547000,343356781371006000,TRUE
341570983087448000,335893340501795000,341571358380228000,TRUE
341672880519004000,338937330234982000,341673491155779000,TRUE
344454264625184000,340140891324252000,344454689699692000,TRUE
341692508512354000,338578998239142000,341692632220836000,TRUE
342995780560806000,340057007947170000,342996623576064000,TRUE
343137944608571000,340057007947170000,343138281050333000,TRUE
342498618695540000,336782195759309000,342500449664696000,TRUE
344031727014510000,266966969456846000,344032216875884000,TRUE
342990865286414000,238382525808698000,342991215533285000,TRUE
342912105787646000,330894302798086000,342912351377104000,TRUE
344199475236831000,332708470448259000,344199878807486000,TRUE
344197344355565000,331396323430498000,344197449722806000,TRUE
344126487079534000,331396323430498000,344126687426560000,TRUE
341691668242767000,331761041392845000,341691861512954000,TRUE
342278029301670000,284412272504030000,342278120878235000,TRUE
342399577566109000,88448833081402600,342399825775730000,TRUE
343619364434059000,299097399134945000,343619927466262000,TRUE
343329811359096000,318959333118484000,343330041201106000,TRUE
339909025711857000,318909288287084000,339909112793424000,TRUE
344183117111246000,237868906698401000,344183292647522000,TRUE
344188244108247000,237868906698401000,344188556673957000,TRUE
340206527551029000,334084351361024000,340206682606788000,TRUE
340740030262616000,334104386790375000,340740246290030000,TRUE
344014769045790000,281734597706679000,344014990060732000,TRUE
344447837495115000,342483882992058000,344447911443079000,TRUE
343101806320468000,290828144197026000,343102195512762000,TRUE
340208485106540000,269850724624434000,340208590627872000,TRUE
341262873236086000,341094859530019000,341263248744235000,TRUE
343009832972034000,241395822992778000,343010424872591000,TRUE
340768330132283000,231288042271245000,340768474024067000,TRUE
343602689481449000,136166152851137000,343602759696187000,TRUE
343162319138013000,293855558813466000,343162438165512000,TRUE
